aragorn@nosecondbreakfast.com,Mordor,Trails Maintenance Work,8/6/2015 8:00 AM,8/6/2015 12:00 PM,0,6,1,5,0,5,reindeermaster@thenorthpole.com
headswillroll@winterfell.com,The Great Keep,Dragon fan club U
hybridsforlife@mysticfalls.org,Vampire's Tomb,vampire basball U
nopollution@earthlink.net,Scorched Earth,catch the firestarter U
nopollution@earthlink.net,Tree of Life,planeteer try-outs U
aragorn@nosecondbreakfast.com,Mordor,fellowship of the ring U
lordofthecrossing@riverrun.com,The Twins,red wedding U
aragorn@nosecondbreakfast.com,Hobbiton,brush trimming
nopollution@earthlink.net,Ozone Hole,stop greenhouse gas U
aragorn@nosecondbreakfast.com,Mordor,storm castle greyskull
hewhoshallnotbenamed@hogwarts.edu,Shrieking Shack,evacuate dementors
lordofthecrossing@riverrun.com,Whispering Wood,dont go into the dogpark U
nopollution@earthlink.net,Plunder Dam,investigate cthulhu cult
hewhoshallnotbenamed@hogwarts.edu,Forbidden Forest,preparations for quidditch world cup U
hewhoshallnotbenamed@hogwarts.edu,Forbidden Forest,brush unicorn hair U
hewhoshallnotbenamed@hogwarts.edu,Shrieking Shack,weed out mandrakes
hewhoshallnotbenamed@hogwarts.edu,Riddle House,solve sphinx's riddle U
headswillroll@winterfell.com,The Crypts,clean graffiti off tombstones U
hewhoshallnotbenamed@hogwarts.edu,Malfoy Manor,feed the peacocks
lordofthecrossing@riverrun.com,The Twins,prepare peacock stew
hybridsforlife@mysticfalls.org,Whitmore College,xanadu dance party
aragorn@nosecondbreakfast.com,Hobbiton,litter brigade
nopollution@earthlink.net,Tree of Life,brush trimming
hybridsforlife@mysticfalls.org,Whitmore College,national hopscotch competition
lordofthecrossing@riverrun.com,Hollow Hill,seal ark of the covenant
nopollution@earthlink.net,Ozone Hole,welcome the glowcloud U
hybridsforlife@mysticfalls.org,Vampire's Tomb,park night watch
headswillroll@winterfell.com,The Great Keep,shovel snow off trails